1	effect calcium physic properti mucu cf patient
10	role vitamin e therapi patient cf
11	differ meconium ileu meconium plug syndrom
12	abnorm amino acid transport describ small bowel cf patient
13	clinic biochem featur pancreat cf patient
14	non-invas test perform evalu exocrin pancreat function patient cf
15	hepat complic manifest cf
16	gastrointestin complic cf neonat period exclud liver diseas meconium ileu
17	effect regimen use pancreat enzym supplement treatment cf patient
18	dietari supplement bile salt therapeut benefit cf patient
19	complic pancreat enzym therapi report cf patient
2	one distinguish effect mucu hypersecret infect submucos gland respiratori tract cf
3	salivari glycoprotein cf patient differ normal subject
4	lipid composit cf respiratori secret
5	cf mucu abnorm
6	effect water therapeut agent physic properti viscos elast sputum bronchial secret cf patient
7	mucu glycoprotein degrad differ cf patient compar normal subject
8	histochem differ describ normal cf respiratori epithelia
9	associ liver diseas cirrhosi vitamin metabol cf
